メモ,コンプ,シリーズ,チュウ,ヒキ,メンバー名前,ヨリ,不足,座り,数式,期,直筆
,No,「4回目のひな誕祭」黄色衣装,,,齊藤京子,,No,1,1,1,
,No,「HINATAZAKA46 Live OnlineYES!with YOU!」黒衣装,,,齊藤京子,,Yes,1,1,1,
,No,「One choice」歌唱衣装,,,齊藤京子,1,No,,1,1,
,No,「W-KEYAKI FES.2021」ライブオープニング衣装,1,,齊藤京子,,No,,1,1,
,No,2022年 バレンタインコーディネート衣装,,,齊藤京子,,No,1,1,1,
,No,2023年 浴衣衣装,1,,齊藤京子,,No,,1,1,
,No,「Happy Train Tour 2023」サンタ衣装,1,1,高瀬愛奈,,No,,2,1,
,No,「One choice」歌唱衣装,,1,高瀬愛奈,1,No,,2,1,
,No,2019-SPRING-10,1,,高瀬愛奈,,No,,1,1,
,No,猫耳衣装,1,,高瀬愛奈,,No,1,2,1,
,No,2022年春 私服コーディネート衣装,1,,高本彩花,,No,,1,1,
,No,JOIFUL LOVE MV衣装,1,,高瀬愛奈,,No,,1,1,
,No,2024年 春私服,1,,高本彩花,,No,,1,1,
,No,ドレミソラシド歌番組衣装,,1,高瀬愛奈,,Yes,,1,1,
,No,4th MV衣装,,,高本彩花,,No,1,1,1,
,No,キラリ,1,,高瀬愛奈,,Yes,,1,1,
,No,JOIFUL LOVE MV衣装,,,高本彩花,,No,3,3,1,
,No,アウトドア衣装,1,,高瀬愛奈,,No,,1,1,
,No,アウトドア衣装,,,高本彩花,1,No,4,5,1,
,No,2021年 振袖衣装,1,,高瀬愛奈,,No,1,2,1,
,No,アザトカワイイ制服衣装,,,高本彩花,1,No,1,2,1,
,No,「君しか勝たん」 歌番組衣装,,,高瀬愛奈,,No,1,1,1,
,No,アホぽよ,2,,高本彩花,,Yes,1,3,1,
,No,探検隊衣装,1,1,高瀬愛奈,,No,,2,1,
,No,キツネ衣装,1,,高本彩花,,No,,1,1,
,No,おばけホテル衣装,,,高瀬愛奈,1,No,,1,1,
,No,ドレミソラシド歌番組衣装,1,,高本彩花,,Yes,,1,1,
,No,「W-KEYAKI FES.2021」ライブオープニング衣装,,,高瀬愛奈,1,No,,1,1,
,No,ユニット衣装,,2,高本彩花,,No,,2,1,
,No,「ひなくり2020」ダッフル衣装,1,,高瀬愛奈,,No,1,2,1,
,No,猫耳衣装,2,,高本彩花,,No,1,3,1,
,No,大正浪漫衣装,,1,高瀬愛奈,,No,2,3,1,
,No,秋冬制服衣装,,,高本彩花,1,No,,1,1,
,No,「ひなくり2021」サンタ衣装,1,2,高瀬愛奈,,No,1,4,1,
,No,,,,長濱ねる,,No,,0,1,
,Yes,2022年 浴衣衣装,1,1,高瀬愛奈,1,No,2,5,1,
,No,「W-KEYAKI FES.2021」ライブオープニング衣装,,1,潮紗理菜,,No,,1,1,
,No,「HINATAZAKA46 Live OnlineYES!with YOU!」黒衣装,1,,高瀬愛奈,,Yes,1,2,1,
,No,「ガラス窓が汚れてる」MV衣装,,,潮紗理菜,,No,1,1,1,
,No,2022年春 私服コーディネート衣装,1,,高瀬愛奈,,No,,1,1,
,No,「キュン」ジャケット写真衣装,6,,潮紗理菜,4,No,,10,1,
,No,紅白衣装,1,,高瀬愛奈,,No,,1,1,
,No,「ってか」MVロケーション衣装,,2,潮紗理菜,,No,,2,1,
,No,「声の足跡」MVチェック衣装,1,,潮紗理菜,,No,,1,1,
,No,「声の足跡」MVチェック衣装,1,,高瀬愛奈,,No,,1,1,
,No,2018 秋冬制服衣装,,1,潮紗理菜,,No,,1,1,
,No,「声の足跡」MVロケーション衣装,,,高瀬愛奈,,No,1,1,1,
,No,2022年 バレンタインコーディネート衣装,,,潮紗理菜,1,No,1,2,1,
,No,「キュン」ジャケット写真衣装,,6,高瀬愛奈,8,No,2,16,1,
,No,2022年 振袖衣装,1,2,潮紗理菜,,No,,3,1,
,No,2022年 振袖衣装,1,1,高瀬愛奈,1,No,,3,1,
,No,4th Mst衣装,,1,潮紗理菜,,No,,1,1,
,No,「飛行機雲ができる理由」MVスタイリング衣装,,,高瀬愛奈,,No,,0,1,
,No,9th制服,,,潮紗理菜,1,No,1,2,1,
,No,2023年 浴衣衣装,1,,高瀬愛奈,,No,1,2,1,
,No,おばけホテル衣装,,,潮紗理菜,1,No,,1,1,
,No,「One choice」歌唱衣装,,,高本彩花,,No,1,1,1,
,No,トナカイ柄白サンタ衣装,1,,潮紗理菜,,No,,1,1,
,No,2022年 バレンタインコーディネート衣装,1,,高本彩花,,No,1,2,1,
,No,ドレミソラシド歌番組衣装,,,潮紗理菜,,Yes,1,1,1,
,No,2022年 振袖衣装,,,高本彩花,1,No,1,2,1,
,No,花柄コーデ,,,潮紗理菜,1,No,,1,1,
,No,荻原みき,1,1,潮紗理菜,1,Yes,,3,1,
,No,,,,柿崎芽実,,No,,0,1,
,No,「HINATAZAKA46 Live OnlineYES!with YOU!」黒衣装,1,2,東村芽依,,Yes,1,4,1,
,No,2022年 振袖衣装,,1,東村芽依,1,No,1,3,1,
,No,9th制服,1,1,東村芽依,,No,,2,1,
,No,ひなくり2019赤サンタ衣装,,1,東村芽依,4,No,,5,1,
,No,「キュン」ジャケット写真衣装,1,,東村芽依,1,No,1,3,1,
,No,「キュン」ミュージックビデオ衣装,1,,東村芽依,,No,,1,1,
,No,猫耳衣装,,1,東村芽依,,No,,1,1,
,No,2022年 浴衣衣装,1,,佐々木美玲,,No,,1,1,
,No,探検隊衣装,1,1,東村芽依,,No,,2,1,
,No,2023年 浴衣衣装,1,,佐々木美玲,,No,,1,1,
,No,「W-KEYAKIFES 2021」Day3ライブオープニング衣装,,1,東村芽依,,No,,1,1,
,No,9th制服,1,,佐々木美玲,,No,,1,1,
,No,2022年 バレンタインコーディネート衣装,,1,東村芽依,,No,,1,1,
,No,ドレミソラシド歌番組衣装,1,,佐々木美玲,,Yes,,1,1,
,No,2023年 振袖衣装,,,東村芽依,,No,1,1,1,
,No,「卒業写真だけが知ってる」 MV衣装 制服,,1,佐々木美玲,,No,,1,1,
,No,「Happy Train Tour 2023」期別曲衣装,,,東村芽依,,Yes,1,1,1,
,No,探検隊衣装,,,佐々木美玲,,No,1,1,1,
,No,「4回目のひな誕祭」オープニング青衣装,,,東村芽依,2,No,,2,1,
,No,「Happy Train Tour 2023」サンタ衣装,,1,佐々木久美,,No,,1,1,
,No,「君はハニーデュー」歌唱衣装,1,,東村芽依,,No,,1,1,
,No,「One choice」歌唱衣装,,1,佐々木久美,,No,,1,1,
,No,「脈打つ感情」ジャケット写真衣装,,,東村芽依,,No,1,1,1,
,No,「キュン」ジャケット写真衣装,4,2,佐々木久美,4,No,,10,1,
,No,「月と星が踊るMidnight」MV衣装,,1,東村芽依,1,No,,2,1,
,No,「声の足跡」MVチェック衣装,,1,佐々木久美,,No,,1,1,
,No,「君はハニーデュー」MV衣装,,1,東村芽依,,No,,1,1,
,No,「声の足跡」MVロケーション衣装,,,佐々木久美,1,No,,1,1,
,No,「ガラス窓が汚れてる」MV衣装,1,1,東村芽依,,No,,2,1,
,No,2019-SPRING-06,1,,佐々木久美,,No,,1,1,
,No,「ってか」MVロケーション衣装,,1,東村芽依,,No,,1,1,
,No,2022年 バレンタインコーディネート衣装,,1,佐々木久美,,No,,1,1,
,No,「ってか」MVロケーション衣装,,,影山優佳,,No,1,1,1,
,No,2022年 振袖衣装,,1,佐々木久美,,No,2,3,1,
,No,「声の足跡」MVチェック衣装,,,影山優佳,1,No,,1,1,
,No,2022年 浴衣衣装,1,,佐々木久美,,No,1,2,1,
,No,2022年 振袖衣装,,,影山優佳,1,No,,1,1,
,No,2022年春 私服コーディネート衣装,,1,佐々木久美,,No,,1,1,
,No,2022年 浴衣衣装,1,,影山優佳,1,No,,2,1,
,No,JOIFUL LOVE MV衣装,,,佐々木久美,1,No,1,2,1,
,No,「4回目のひな誕祭」黄色衣装,1,,加藤史帆,,No,,1,1,
,No,アウトドア衣装,3,,佐々木久美,,No,,3,1,
,No,「Happy Train Tour 2023」サンタ衣装,,,加藤史帆,2,No,,2,1,
,No,キツネ衣装,,1,佐々木久美,,No,,1,1,
,No,2018 秋冬制服衣装,1,,加藤史帆,,No,,1,1,
,No,ひなくり2019赤サンタ衣装,,1,佐々木久美,,No,,1,1,
,No,2022年 バレンタインコーディネート衣装,1,1,加藤史帆,1,No,,3,1,
,No,猫耳衣装,,1,佐々木久美,,No,,1,1,
,No,2022年 浴衣衣装,,1,加藤史帆,,No,,1,1,
,No,立花ゆりこ,,1,佐々木久美,,Yes,,1,1,
,No,2023年 浴衣衣装,,1,加藤史帆,,No,,1,1,
,No,「キュン」ジャケット写真衣装,,,井口眞緒,3,No,5,8,1,
,No,3rd 制服衣装,,1,加藤史帆,,No,,1,1,
,Yes,「Happy Train Tour 2023」サンタ衣装,1,1,金村美玖,2,No,1,5,2,
,No,探検隊衣装,,,加藤史帆,1,No,,1,1,
,No,「HINATAZAKA46 Live OnlineYES!with YOU!」黒衣装,,,金村美玖,,No,1,1,2,
,No,「Happy Train Tour 2023」サンタ衣装,2,,佐々木美玲,1,No,2,5,1,
,No,2022年 振袖衣装,1,,金村美玖,,No,,1,2,
,No,「キュン」ジャケット写真衣装,,,佐々木美玲,,No,2,2,1,
,No,2024年 ハロウィン衣装,,,金村美玖,1,No,,1,2,
,No,ひなくり2019赤サンタ衣装,1,,金村美玖,,No,,1,2,
,No,ひなくり2019青サンタ衣装,,,金村美玖,,No,1,1,2,
,No,古岡五月,1,,金村美玖,,Yes,,1,2,
,No,「Happy Magical Tour 2024」 オープニング衣装,,,金村美玖,,No,2,2,2,
,No,「4回目のひな誕祭」黄色衣装,,,濱岸ひより,1,No,1,2,2,
,No,2022年 バレンタインコーディネート衣装,,,濱岸ひより,,No,1,1,2,
,No,2022年 浴衣衣装,,1,濱岸ひより,,No,,1,2,
,No,JOIFUL LOVE MV衣装,,2,濱岸ひより,,No,,2,2,
,No,アウトドア衣装,,1,濱岸ひより,,No,,1,2,
,No,9th制服,,1,松田好花,,No,,1,2,
,No,ユニット衣装,,,濱岸ひより,1,No,,1,2,
,No,秋冬制服衣装,1,,松田好花,,No,,1,2,
,No,探検隊衣装,,,濱岸ひより,,No,1,1,2,
,No,「卒業写真だけが知ってる」 MV衣装 衣装,1,,松田好花,,No,,1,2,
,No,「Happy Train Tour 2023」サンタ衣装,1,,濱岸ひより,,No,,1,2,
,No,紅白衣装,,,松田好花,1,No,,1,2,
,No,「HINATAZAKA46 Live OnlineYES!with YOU!」黒衣装,,,渡邉美穂,1,Yes,,1,2,
,No,「4回目のひな誕祭」黄色衣装,,1,小坂菜緒,,No,,1,2,
,No,JOIFUL LOVE MV衣装,,1,渡邉美穂,,Yes,,1,2,
,No,「Happy Train Tour 2023」サンタ衣装,,,小坂菜緒,1,No,1,2,2,
,No,アウトドア衣装,,1,渡邉美穂,,Yes,,1,2,
,No,「キュン」ジャケット写真衣装,,,小坂菜緒,,No,1,1,2,
,No,キツネ衣装,1,,渡邉美穂,,Yes,,1,2,
,No,アザトカワイイ制服衣装,,,小坂菜緒,,No,1,1,2,
,No,篠原沙織,1,,渡邉美穂,,Yes,,1,2,
,No,ねこみみコーデ,,,小坂菜緒,,No,1,1,2,
,No,「Happy Train Tour 2023」サンタ衣装,1,2,河田陽菜,3,No,,6,2,
,No,ひらがなくりすます2018衣装,,,小坂菜緒,1,No,,1,2,
,No,2022年 バレンタインコーディネート衣装,,1,河田陽菜,,No,1,2,2,
,No,「Happy Magical Tour 2024」 オープニング衣装,,,小坂菜緒,,No,1,1,2,
,No,2022年春 私服コーディネート衣装,,,河田陽菜,1,No,,1,2,
,No,「卒業写真だけが知ってる」 MV衣装 制服,,,小坂菜緒,,No,1,1,2,
,No,3rd 制服衣装,,1,河田陽菜,,No,,1,2,
,No,秋冬制服衣装,1,,小坂菜緒,,No,,1,2,
,No,9th制服,,,河田陽菜,,No,1,1,2,
,No,「Happy Train Tour 2023」サンタ衣装,1,,富田鈴花,,No,2,3,2,
,No,探検隊衣装,,,河田陽菜,1,No,,1,2,
,No,「One choice」歌唱衣装,1,,富田鈴花,,No,,1,2,
,No,「卒業写真だけが知ってる」 MV衣装 衣装,,,河田陽菜,1,No,,1,2,
,No,「ガラス窓が汚れてる」MV衣装,,,富田鈴花,1,No,,1,2,
,No,「Happy Magical Tour 2024」 オープニング衣装,1,,河田陽菜,,No,,1,2,
,No,「キュン」ジャケット写真衣装,2,,富田鈴花,,No,,2,2,
,No,紅白衣装,,,河田陽菜,,No,1,1,2,
,No,「キュン」ミュージックビデオ衣装,1,1,富田鈴花,,No,1,3,2,
,No,「4回目のひな誕祭」オープニング青衣装,1,,松田好花,,No,,1,2,
,No,「声の足跡」MVチェック衣装,,,富田鈴花,,No,1,1,2,
,No,「4回目のひな誕祭」黄色衣装,,,松田好花,1,No,,1,2,
,No,「期別ユニット曲」MVロケーション衣装,1,,富田鈴花,,No,,1,2,
,No,「Happy Train Tour 2023」サンタ衣装,1,,松田好花,,No,3,4,2,
,No,12th制服,,1,富田鈴花,,No,,1,2,
,No,「HINATAZAKA46 Live OnlineYES!with YOU!」黒衣装,,1,松田好花,,Yes,,1,2,
,No,2022年 バレンタインコーディネート衣装,1,,富田鈴花,1,No,,2,2,
,No,「キュン」ジャケット写真衣装,,1,松田好花,,No,,1,2,
,No,2022年 浴衣衣装,,,富田鈴花,,No,1,1,2,
,No,2022年 バレンタインコーディネート衣装,,,松田好花,,No,1,1,2,
,No,2024年 春私服コーデ,1,,富田鈴花,,No,,1,2,
,No,2022年 浴衣衣装,1,1,松田好花,,No,,2,2,
,No,4th MV衣装,1,,富田鈴花,,No,,1,2,
,No,2023年 浴衣衣装,,1,松田好花,,No,,1,2,
,No,9th制服,,1,富田鈴花,,No,,1,2,
,No,2023年 読書コーデ,1,,松田好花,,No,,1,2,
,No,JOIFUL LOVE MV衣装,,1,富田鈴花,1,No,,2,2,
,No,アウトドア衣装,,,富田鈴花,,No,1,1,2,
,No,アザトカワイイMV衣装,1,,富田鈴花,,No,,1,2,
,No,トナカイ柄白サンタ衣装,1,1,富田鈴花,,No,,2,2,
,No,「Happy Magical Tour 2024」 オープニング衣装,1,,富田鈴花,1,No,,2,2,
,No,猫耳衣装,1,1,富田鈴花,,No,,2,2,
,No,畑屋菜々緒,1,,富田鈴花,,Yes,,1,2,
,Yes,2022年 振袖衣装,1,1,宮田愛萌,1,No,1,4,2,
,Yes,アザトカワイイMV衣装,1,1,宮田愛萌,1,No,1,4,2,
,Yes,キツネ衣装,1,1,宮田愛萌,1,No,1,4,2,
,No,「君しか勝たんルーレット」 私服コーディネート衣装,,1,丹生明里,,No,1,2,2,
,No,「HINATAZAKA46 Live OnlineYES!with YOU!」黒衣装,,1,宮田愛萌,2,No,1,4,2,
,No,「W-KEYAKIFES 2021」Day3オープニング衣装,,1,丹生明里,1,No,2,4,2,
,No,「W-KEYAKIFES.2021」ライブオープニング衣装,1,,宮田愛萌,,No,,1,2,
,No,9th制服,,2,丹生明里,,No,3,5,2,
,No,「キュン」ジャケット写真衣装,1,,宮田愛萌,,No,,1,2,
,No,「月と星が躍るMidnight」MV衣装,2,,丹生明里,1,No,1,4,2,
,No,「キュン」ミュージックビデオ衣装,,1,宮田愛萌,,No,,1,2,
,No,ネイビーサンタ衣装,2,1,丹生明里,,No,2,5,2,
,No,「ってか」MVロケーション衣装,,,宮田愛萌,,No,1,1,2,
,No,うさみみコーデ,,,丹生明里,,No,1,1,2,
,No,2022年 バレンタインコーディネート衣装,1,2,宮田愛萌,,No,1,4,2,
,No,2022年 浴衣衣装,,1,丹生明里,2,No,1,4,2,
,No,2022年 浴衣衣装,,,宮田愛萌,1,No,1,2,2,
,No,「Am I ready?」ジャケット写真衣装,,,丹生明里,1,No,,1,2,
,No,2022年春 私服コーディネート衣装,,,宮田愛萌,1,No,,1,2,
,No,2023年 年末歌唱衣装,,,丹生明里,1,No,,1,2,
,No,JOIFUL LOVE MV衣装,,1,宮田愛萌,,No,,1,2,
,No,2023年 振袖衣装,1,,丹生明里,1,No,,2,2,
,No,アウトドア衣装,1,,宮田愛萌,,No,,1,2,
,No,2023年 ハロウィン衣装,1,,丹生明里,,No,,1,2,
,No,ひなくり2019赤サンタ衣装,1,,宮田愛萌,,No,,1,2,
,No,2024年 浴衣,1,1,丹生明里,1,No,,3,2,
,No,ひなくり2019青サンタ衣装,1,1,宮田愛萌,1,No,,3,2,
,No,「ガラス窓が汚れてる」MV衣装,,,丹生明里,1,No,1,2,2,
,No,ユニット衣装,,,宮田愛萌,,No,1,1,2,
,No,「キツネ」歌唱衣装,,1,丹生明里,,No,,1,2,
,No,猫耳衣装,,1,宮田愛萌,1,No,,2,2,
,Yes,「Happy Train Tour 2023」サンタ衣装,1,1,髙橋未来虹,2,No,1,5,3,
,No,直島正子,,1,宮田愛萌,,No,,1,2,
,No,「W-KEYAKIFES.2021」ライブオープニング衣装,,,髙橋未来虹,1,No,,1,3,
,No,「Happy Train Tour 2023」サンタ衣装,,2,丹生明里,1,No,2,5,2,
,No,「期別ユニット曲」MVロケーション衣装,1,,髙橋未来虹,1,No,,2,3,
,No,2023年 浴衣衣装,,,丹生明里,1,No,,1,2,
,No,2022年 浴衣衣装,,1,髙橋未来虹,1,No,1,3,3,
,No,2024年 ハロウィン衣装,,,丹生明里,1,No,,1,2,
,No,2022年春 私服コーディネート衣装,,1,髙橋未来虹,,No,,1,3,
,No,4th TV衣装,2,1,丹生明里,,No,1,4,2,
,No,「Happy Magical Tour 2024」 オープニング衣装,2,,髙橋未来虹,,No,,2,3,
,Yes,JOIFUL LOVE MV衣装,1,1,丹生明里,1,No,1,4,2,
,No,2023年 浴衣衣装,1,,髙橋未来虹,,No,,1,3,
,No,ねこみみコーデ,1,,丹生明里,,No,,1,2,
,No,9th制服,,1,髙橋未来虹,,No,1,2,3,
,Yes,2018 秋冬制服衣装,1,1,丹生明里,1,No,2,5,2,
,No,「4回目のひな誕祭」オープニング青衣装,,1,森本茉莉,,No,,1,3,
,Yes,ひなくり2019青サンタ衣装,1,2,丹生明里,1,No,2,6,2,
,No,「4回目のひな誕祭」黄色衣装,,,森本茉莉,,No,1,1,3,
,No,アウトドア衣装,,,丹生明里,1,No,1,2,2,
,No,「ガラス窓が汚れてる」MV衣装,1,,森本茉莉,,No,,1,3,
,Yes,4th MV衣装,1,3,丹生明里,2,No,3,9,2,
,No,2021年 振袖衣装,,,森本茉莉,,No,2,2,3,
,No,「期別ユニット曲」MVロケーション衣装,1,,丹生明里,1,No,,2,2,
,No,2022年 バレンタインコーディネート衣装,1,,森本茉莉,,No,,1,3,
,No,2022年 振袖衣装,,,森本茉莉,1,No,2,3,3,
,No,ひなくり2019青サンタ衣装,,1,山口陽世,,No,,1,3,
,No,アザトカワイイ制服衣装,,1,上村ひなの,,No,,1,3,
,No,9th 制服,1,,上村ひなの,,No,,1,3,
,No,「卒業写真だけが知ってる」 MV衣装 衣装,,,平尾帆夏,,No,1,1,4,
,No,9th制服,,,岸帆夏,1,No,,1,4,
,No,2023年 読書コーデ,,,石塚瑶季,1,No,,1,4,
,No,「Happy Smile Tour 2022」オープニング衣装,1,,小西夏菜実,,No,,1,4,
,No,「4回目のひな誕祭」黄色衣装,1,,山下葉留花,,No,,1,4,
,No,「Happy Smile Tour 2022」オープニング衣装,,,清水理央,1,No,,1,4,
,No,12th制服,,,清水理央,,No,1,1,4,
,No,「Happy Magical Tour 2024」 オープニング衣装,,,上村ひなの,1,No,,1,3,
,No,けやき坂46 1stアルバム制服,,,宮地すみれ,,No,1,1,4,
,No,「見たことない魔物」MV制服,,,山下葉留花,1,No,,1,4,
,No,「卒業写真だけが知ってる」 MV衣装 制服,1,,正源司陽子,,No,,1,4,
,No,オーディション制服,1,,小西夏菜実,,No,,1,4,
,No,「4回目のひな誕祭」黄色衣装,,,山口陽世,1,No,,1,3,
,No,2024年 ハロウィン衣装,1,,平尾帆夏,,No,,1,4,
,No,2023年 浴衣衣装,,,平尾帆夏,,No,1,1,4,
,No,「4回目のひな誕祭」黄色衣装,,,藤嶌果歩,,No,1,1,4,
,No,2023年 読書コーデ,,1,山口陽世,,No,,1,3,
,No,けやき坂46 1stアルバム制服,1,,清水理央,,No,,1,4,
,No,2022年 浴衣衣装,1,1,山口陽世,,No,1,3,3,
,No,「4回目のひな誕祭」オープニング青衣装,,1,山下葉留花,,No,,1,4,
,No,「卒業写真だけが知ってる」 MV衣装 制服,1,,山口陽世,,No,,1,3,
,No,「Happy Magical Tour 2024」 オープニング衣装,,,渡辺莉奈,1,No,,1,4,
,No,「Happy Magical Tour 2024」 オープニング衣装,,1,山下葉留花,,No,,1,4,
,No,秋冬制服衣装,,,上村ひなの,,No,1,1,3,
,No,「Happy Train Tour 2023」サンタ衣装,1,3,竹内希来里,,No,,4,4,
,No,「声の足跡」MVチェック衣装,1,,山口陽世,,No,,1,3,
,No,9th制服,1,1,清水理央,,No,,2,4,
,Yes,「Happy Train Tour 2023」サンタ衣装,1,2,藤嶌果歩,1,No,1,5,4,
,No,アザトカワイイMV衣装,,,山口陽世,1,No,,1,3,
,No,2024年 春私服コーデ,,,竹内希来里,1,No,,1,4,
,No,「Happy Train Tour 2023」サンタ衣装,3,,上村ひなの,,No,,3,3,
,No,「卒業写真だけが知ってる」 MV衣装 衣装,,,上村ひなの,1,No,,1,3,
,No,「Happy Train Tour 2023」サンタ衣装,1,1,小西夏菜実,,No,1,3,4,
,No,2023年 読書コーデ,1,,山下葉留花,,No,,1,4,
,No,9th制服,,1,平尾帆夏,,No,,1,4,
,No,「Happy Magical Tour 2024」 オープニング衣装,,,平尾帆夏,1,No,,1,4,
,No,ねこみみコーデ,,,平岡海月,,No,1,1,4,
,No,12th制服,,,渡辺莉奈,1,No,,1,4,
,No,「卒業写真だけが知ってる」 MV衣装 制服,,,藤嶌果歩,1,No,,1,4,
,No,「キュン」MV衣装,,,平岡海月,,No,1,1,4,
,No,アザトカワイイ制服衣装,,,山口陽世,1,No,,1,3,
,No,けやき坂46 1stアルバム制服,1,,藤嶌果歩,,No,,1,4,
,Yes,「Happy Train Tour 2023」サンタ衣装,3,2,石塚瑶季,2,No,3,10,4,
,No,12th制服,,,宮地すみれ,1,No,,1,4,
,No,「卒業写真だけが知ってる」 MV衣装 制服,,1,平尾帆夏,,No,,1,4,
,No,「W-KEYAKIFES.2021」ライブオープニング衣装,,,上村ひなの,,No,1,1,3,
,No,「期別ユニット曲」MVロケーション衣装,,1,上村ひなの,,No,1,2,3,
,No,「Happy Smile Tour 2022」オープニング衣装,,1,石塚瑶季,,No,,1,4,
,No,オーディション制服,1,,宮地すみれ,1,No,,2,4,
,No,「Happy Magical Tour 2024」 オープニング衣装,,1,平岡海月,,No,,1,4,
,Yes,「Happy Train Tour 2023」サンタ衣装,2,1,山口陽世,1,No,2,6,3,
,No,「見たことない魔物」MV制服,,,平尾帆夏,,No,1,1,4,
,No,「Happy Train Tour 2023」サンタ衣装,,1,平尾帆夏,2,No,3,6,4,
,No,「ガラス窓が汚れてる」MV衣装,,,山口陽世,1,No,,1,3,
,No,「Happy Magical Tour 2024」 オープニング衣装,,,正源司陽子,1,No,,1,4,
,No,花柄コーデ,1,,森本茉莉,,No,,1,3,
,No,オーディション制服,1,,岸帆夏,,No,,1,4,
,No,2023年 浴衣衣装,,,山口陽世,1,No,,1,3,
,No,ひなくり2019赤サンタ衣装,,1,上村ひなの,,No,,1,3,
,No,「Happy Magical Tour 2024」 オープニング衣装,,,小西夏菜実,,No,1,1,4,
,No,花柄コーデ,1,,上村ひなの,,No,1,2,3,
,No,3rd 制服衣装,,,上村ひなの,1,No,,1,3,
,No,けやき坂46 1stアルバム制服,,,渡辺莉奈,1,No,,1,4,
,No,9th制服,,,山口陽世,,No,1,1,3,
,No,9th制服,1,,山下葉留花,,No,,1,4,
,No,「Happy Smile Tour 2022」オープニング衣装,,,藤嶌果歩,,No,1,1,4,
,No,2023年 浴衣衣装,1,,岸帆夏,,No,,1,4,
,No,ひなくり2019青サンタ衣装,1,,森本茉莉,1,No,,2,3,
,No,「Happy Train Tour 2023」サンタ衣装,,1,正源司陽子,,No,,1,4,
,No,「4回目のひな誕祭」オープニング青衣装,,1,宮地すみれ,,No,,1,4,
,No,「Happy Magical Tour 2024」 オープニング衣装,,1,清水理央,,No,1,2,4,
,No,「Happy Magical Tour 2024」 オープニング衣装,1,,石塚瑶季,,No,1,2,4,
,Yes,花柄コーデ,1,1,平岡海月,1,No,1,4,4,
,No,12th制服,1,,上村ひなの,,No,,1,3,
,No,「Happy Train Tour 2023」サンタ衣装,2,1,渡辺莉奈,,No,,3,4,
,No,「Happy Magical Tour 2024」 オープニング衣装,1,1,竹内希来里,,No,,2,4,
,No,「Happy Train Tour 2023」サンタ衣装,1,,清水理央,,No,2,3,4,
,No,9th制服,1,1,小西夏菜実,,No,,2,4,
,No,「4回目のひな誕祭」オープニング青衣装,,1,上村ひなの,,No,,1,3,
,No,2023年 浴衣衣装,,,小西夏菜実,1,No,,1,4,
,No,「Happy Train Tour 2023」サンタ衣装,1,2,宮地すみれ,2,No,,5,4,
,No,「キュン」MV衣装,,,藤嶌果歩,1,No,,1,4,
,No,2024年 春私服コーデ,,,正源司陽子,,No,1,1,4,
,No,2023年 浴衣衣装,,1,清水理央,,No,,1,4,
,No,「Happy Magical Tour 2024」 オープニング衣装,1,,藤嶌果歩,,No,1,2,4,
,No,ドレミソラシド歌番組衣装,1,,上村ひなの,,No,,1,3,
,No,「キュン」MV衣装,,,小西夏菜実,1,No,,1,4,
,No,オーディション制服,,,平尾帆夏,,No,1,1,4,
,No,ひなくり2019赤サンタ衣装,,,森本茉莉,,No,1,1,3,
,No,オーディション制服,,,石塚瑶季,1,No,,1,4,
,No,「Happy Magical Tour 2024」 オープニング衣装,,1,森本茉莉,,No,1,2,3,
,No,9th制服,1,,渡辺莉奈,,No,,1,4,
,No,ねこみみコーデ,,,小西夏菜実,,No,1,1,4,
,No,「４回目のひな誕祭」黄色衣装,,1,上村ひなの,,No,,1,3,
,No,「見たことない魔物」MV制服,1,,石塚瑶季,,No,,1,4,
,No,花柄コーデ,1,1,渡辺莉奈,,No,,2,4,
,No,2022年 バレンタインコーディネート衣装,,,山口陽世,,No,1,1,3,
,No,ねこみみコーデ,,1,上村ひなの,,No,,1,3,
,No,「4回目のひな誕祭」黄色衣装,1,,竹内希来里,1,No,1,3,4,
,No,2022年 浴衣衣装,,1,上村ひなの,,No,,1,3,
,No,2023年 浴衣衣装,,,渡辺莉奈,1,No,,1,4,
,No,2024年 ハロウィン衣装,,,小西夏菜実,,No,1,1,4,
,Yes,「Happy Train Tour 2023」サンタ衣装,1,3,山下葉留花,1,No,2,7,4,
,No,「4回目のひな誕祭」黄色衣装,,,宮地すみれ,1,No,,1,4,
,No,9th制服,,,森本茉莉,,No,1,1,3,
,No,「見たことない魔物」MV制服,1,,正源司陽子,,No,,1,4,
,No,「キュン」MV衣装,,,渡辺莉奈,,No,1,1,4,
,No,9th制服,,,正源司陽子,1,No,,1,4,
,No,２０２２年バレンタインコーディネート衣装,,,上村ひなの,,No,1,1,3,
,No,オーディション制服,,1,山下葉留花,,No,,1,4,
,No,「キュン」ミュージックビデオ衣装,2,2,丹生明里,,No,,4,2,
,No,「キュン」ジャケット写真衣装,1,2,丹生明里,,No,3,6,2,
,Yes,2019 浴衣,3,3,丹生明里,3,No,3,12,2,
,No,青春の馬MVカラフル衣装,1,2,丹生明里,,No,3,6,2,
,No,3rd 制服衣装,2,2,丹生明里,,No,2,6,2,
,No,春私服コーディネート衣装,2,3,丹生明里,,No,3,8,2,
,Yes,ドレミソラシド歌番組衣装,3,3,丹生明里,1,No,1,8,2,
,Yes,キツネ衣装,5,4,丹生明里,2,No,4,15,2,
,Yes,ひらがなくりすます2018衣装,2,2,丹生明里,3,No,3,10,2,
,Yes,紅白衣装,2,2,丹生明里,2,No,2,8,2,
,No,「ひなくり2020」ダッフル衣装,,2,丹生明里,1,No,2,5,2,
,No,大正浪漫衣装,2,2,丹生明里,,No,2,6,2,
,No,2022年 夏制服衣装,1,1,丹生明里,,No,1,3,2,
,No,おばけホテル衣装,2,2,丹生明里,,No,2,6,2,
,Yes,トナカイ柄白サンタ衣装,1,3,丹生明里,2,No,3,9,2,
,No,「全国おひさま化計画2021」衣装,,2,丹生明里,1,No,1,4,2,
,Yes,「4回目のひな誕祭」オープニング青衣装,2,2,丹生明里,1,No,1,6,2,
,No,「君しか勝たん」MVロケーション衣装,1,,丹生明里,,No,,1,2,
,No,6thシングル カップリングユニット衣装,,,丹生明里,,No,1,1,2,
,No,12th制服,,2,丹生明里,,No,2,4,2,
,No,猫耳衣装,2,2,丹生明里,2,No,,6,2,
,No,ひなくり2019赤サンタ衣装,,,丹生明里,,No,1,1,2,
,No,アザトカワイイ制服衣装,,1,丹生明里,,No,,1,2,
,No,4th Mst衣装,,1,丹生明里,1,No,,2,2,
,No,アザトカワイイMV衣装,1,,丹生明里,,No,1,2,2,
,No,秋冬制服衣装,,1,丹生明里,,No,1,2,2,
,No,探検隊衣装,,1,丹生明里,,No,2,3,2,
,No,「3回目のひな誕祭」オープニング衣装,2,1,丹生明里,,No,,3,2,
,No,ユニット衣装,,2,丹生明里,,No,2,4,2,
,No,君に話しておきたいこと衣装,,,丹生明里,1,No,,1,2,
,No,「4回目のひな誕祭」黄色衣装,1,1,丹生明里,,No,,2,2,
,No,「恋は逃げ足が早い」MV衣装,1,,丹生明里,1,No,1,3,2,
,No,「W-KEYAKI FES.2021」ライブパフォーマンス衣装,,,丹生明里,,No,1,1,2,
,No,紅白2021オープニング衣装,,,丹生明里,,No,1,1,2,
,No,2024 夏フェス衣装,1,,丹生明里,,No,1,2,2,
,No,2022年 振袖衣装,,2,丹生明里,,No,1,3,2,
,No,「3回目のひな誕祭」ライブ衣装,1,2,丹生明里,,No,2,5,2,
,No,2022年 ハロウィン衣装,,2,丹生明里,1,No,,3,2,
,No,「Happy Train Tour 2023」ライブ衣装,,,丹生明里,1,No,3,4,2,
,No,「HINATAZAKA46 Live OnlineYES!with YOU!」黒衣装,1,2,丹生明里,,No,2,5,2,
,No,「W-KEYAKI FES.2021」ライブオープニング衣装,2,2,丹生明里,1,No,,5,2,
,No,2022年春 私服コーディネート衣装,1,2,丹生明里,,No,,3,2,
,No,「Am I ready?」MV衣装,1,1,東村芽依,,No,1,3,1,
,No,「10秒天使」MV衣装,,1,東村芽依,,Yes,1,2,1,
,No,「One choice」MV衣装,1,,東村芽依,,No,,1,1,
,Yes,2022年 浴衣衣装,3,4,東村芽依,6,No,3,16,1,
,No,2022年 夏制服衣装,1,,東村芽依,,No,,1,1,
,Yes,JOIFUL LOVE MV衣装,2,2,東村芽依,2,No,2,8,1,
,Yes,ユニット衣装,1,1,東村芽依,1,No,1,4,1,
,No,3rd 制服衣装,,,東村芽依,1,No,,1,1,
,No,青春の馬MVカラフル衣装,,,東村芽依,1,No,,1,1,
,No,春私服コーディネート衣装,1,1,東村芽依,,No,3,5,1,
,Yes,「ひなくり2021」サンタ衣装,1,1,東村芽依,1,No,1,4,1,
,No,大正浪漫衣装,,1,東村芽依,,No,1,2,1,
,No,キツネ衣装,1,,東村芽依,1,No,1,3,1,
,No,ドレミソラシド歌番組衣装,,,東村芽依,1,Yes,,1,1,
,Yes,ひらがなくりすます2018衣装,1,1,東村芽依,2,No,1,5,1,
,No,ひなくり2019青サンタ衣装,1,,東村芽依,2,No,,3,1,
,No,4th MV衣装,,2,東村芽依,1,No,,3,1,
,No,「3回目のひな誕祭」オープニング衣装,,,東村芽依,1,No,,1,1,
,No,アザトカワイイMV衣装,,1,東村芽依,,No,1,2,1,
,No,おばけホテル衣装,,,東村芽依,,No,1,1,1,
,No,「期別ユニット曲」MVロケーション衣装,,,東村芽依,,No,1,1,1,
,Yes,2022年 ハロウィン衣装,2,2,東村芽依,1,No,1,6,1,
,No,2024年 浴衣,1,,東村芽依,1,No,1,3,1,
,No,「3回目のひな誕祭」ライブ衣装,,,東村芽依,,No,1,1,1,
,No,「W-KEYAKI FES.2021」ライブオープニング衣装,,,東村芽依,,No,1,1,1,