member,costume,type
岩瀬佑美子,ぐるぐるカーテン,ヨリ
岩瀬佑美子,ぐるぐるカーテン,チュウ
岩瀬佑美子,ぐるぐるカーテン,ヒキ
岩瀬佑美子,おいでシャンプー,ヨリ
岩瀬佑美子,おいでシャンプー,チュウ
岩瀬佑美子,おいでシャンプー,ヒキ
岩瀬佑美子,2012.July-私服,ヨリ
岩瀬佑美子,2012.July-私服,チュウ
岩瀬佑美子,2012.July-私服,ヒキ
岩瀬佑美子,走れ！Bicycle,ヨリ
岩瀬佑美子,走れ！Bicycle,チュウ
岩瀬佑美子,走れ！Bicycle,ヒキ
岩瀬佑美子,2012.September-甚平,ヨリ
岩瀬佑美子,2012.September-甚平,チュウ
岩瀬佑美子,2012.September-甚平,ヒキ
岩瀬佑美子,2012.September-Ⅱ-白ワンピース,ヨリ
岩瀬佑美子,2012.September-Ⅱ-白ワンピース,チュウ
岩瀬佑美子,2012.September-Ⅱ-白ワンピース,ヒキ
岩瀬佑美子,2012.October-乃木ジャージ,ヨリ
岩瀬佑美子,2012.October-乃木ジャージ,チュウ
岩瀬佑美子,2012.October-乃木ジャージ,ヒキ
岩瀬佑美子,2012.October-Ⅱ-チアガール,ヨリ
岩瀬佑美子,2012.October-Ⅱ-チアガール,チュウ
岩瀬佑美子,2012.October-Ⅱ-チアガール,ヒキ
岩瀬佑美子,2012.October-Ⅲ-白制服,ヨリ
岩瀬佑美子,2012.October-Ⅲ-白制服,チュウ
岩瀬佑美子,2012.October-Ⅲ-白制服,ヒキ