member,generation,order
石森虹花,1,1
今泉佑唯,1,2
上村莉菜,1,3
尾関梨香,1,4
織田奈那,1,5
小池美波,1,6
小林由依,1,7
齋藤冬優花,1,8
佐藤詩織,1,9
志田愛佳,1,10
菅井友香,1,11
鈴本美愉,1,12
長沢菜々香,1,13
長濱ねる,1,14
土生瑞穂,1,15
原田葵,1,16
平手友梨奈,1,17
守屋茜,1,18
米谷奈々未,1,19
渡辺梨加,1,20
渡邉理佐,1,21

井上梨名,2,1
遠藤光莉,2,2
大園玲,2,3
大沼晶保,2,4
幸阪茉里乃,2,5
関有美子,2,6
武元唯衣,2,7
田村保乃,2,8
藤吉夏鈴,2,9
増本綺良,2,10
松田里奈,2,11
松平璃子,2,12
森田ひかる,2,13
守屋麗奈,2,14
山﨑天,2,15

石森璃花,3,1
遠藤理子,3,2
小田倉麗奈,3,3
小島凪紗,3,4
谷口愛季,3,5
中嶋優月,3,6
的野美青,3,7
向井純葉,3,8
村井優,3,9
村山美羽,3,10
山下瞳月,3,11

浅井恋乃未,4,1
稲熊ひな,4,2
勝又春,4,3
佐藤愛桜,4,4
中川智尋,4,5
松本和子,4,6
目黒陽色,4,7
山川宇衣,4,8
山田桃実,4,9